[
    {
        "name": "南港展覽館",
        "coordinate": [
            25.055288,
            121.6175001
        ],
        "lines": {
            "板南線": "BL23",
            "文湖線": "BR24"
        }
    },
    {
        "name": "南港軟體園區",
        "coordinate": [
            25.0599419,
            121.6159291
        ],
        "lines": {
            "文湖線": "BR23"
        }
    },
    {
        "name": "東湖",
        "coordinate": [
            25.0671258,
            121.6117183
        ],
        "lines": {
            "文湖線": "BR22"
        }
    },
    {
        "name": "葫洲",
        "coordinate": [
            25.0724829,
            121.607389
        ],
        "lines": {
            "文湖線": "BR21"
        }
    },
    {
        "name": "大湖公園",
        "coordinate": [
            25.083351,
            121.602658
        ],
        "lines": {
            "文湖線": "BR20"
        }
    },
    {
        "name": "內湖",
        "coordinate": [
            25.0838996,
            121.5942576
        ],
        "lines": {
            "文湖線": "BR19"
        }
    },
    {
        "name": "文德",
        "coordinate": [
            25.078436,
            121.585527
        ],
        "lines": {
            "文湖線": "BR18"
        }
    },
    {
        "name": "港墘",
        "coordinate": [
            25.0801772,
            121.5756865
        ],
        "lines": {
            "文湖線": "BR17"
        }
    },
    {
        "name": "西湖",
        "coordinate": [
            25.081906,
            121.567597
        ],
        "lines": {
            "文湖線": "BR16"
        }
    },
    {
        "name": "劍南路",
        "coordinate": [
            25.0847974,
            121.5550972
        ],
        "lines": {
            "文湖線": "BR15"
        }
    },
    {
        "name": "大直",
        "coordinate": [
            25.0796581,
            121.5468824
        ],
        "lines": {
            "文湖線": "BR14"
        }
    },
    {
        "name": "松山機場",
        "coordinate": [
            25.063718,
            121.549643
        ],
        "lines": {
            "文湖線": "BR13"
        }
    },
    {
        "name": "中山國中",
        "coordinate": [
            25.0607843,
            121.5439248
        ],
        "lines": {
            "文湖線": "BR12"
        }
    },
    {
        "name": "南京復興",
        "coordinate": [
            25.0519749,
            121.544514
        ],
        "lines": {
            "松山新店線": "G16",
            "文湖線": "BR11"
        }
    },
    {
        "name": "忠孝復興",
        "coordinate": [
            25.0417843,
            121.5448626
        ],
        "lines": {
            "板南線": "BL15",
            "文湖線": "BR10"
        }
    },
    {
        "name": "大安",
        "coordinate": [
            25.0331472,
            121.5438667
        ],
        "lines": {
            "淡水信義線": "R05",
            "文湖線": "BR09"
        }
    },
    {
        "name": "科技大樓",
        "coordinate": [
            25.0261364,
            121.5436451
        ],
        "lines": {
            "文湖線": "BR08"
        }
    },
    {
        "name": "六張犁",
        "coordinate": [
            25.02379,
            121.553126
        ],
        "lines": {
            "文湖線": "BR07"
        }
    },
    {
        "name": "麟光",
        "coordinate": [
            25.0184814,
            121.5587292
        ],
        "lines": {
            "文湖線": "BR06"
        }
    },
    {
        "name": "辛亥",
        "coordinate": [
            25.005483,
            121.557102
        ],
        "lines": {
            "文湖線": "BR05"
        }
    },
    {
        "name": "萬芳醫院",
        "coordinate": [
            24.999335,
            121.558095
        ],
        "lines": {
            "文湖線": "BR04"
        }
    },
    {
        "name": "萬芳社區",
        "coordinate": [
            24.99784,
            121.570705
        ],
        "lines": {
            "文湖線": "BR03"
        }
    },
    {
        "name": "木柵",
        "coordinate": [
            24.998231,
            121.573147
        ],
        "lines": {
            "文湖線": "BR02"
        }
    },
    {
        "name": "動物園",
        "coordinate": [
            24.9981707,
            121.5794981
        ],
        "lines": {
            "貓空纜車": "MG01",
            "文湖線": "BR01"
        }
    },
    {
        "name": "松山",
        "coordinate": [
            25.048889,
            121.577778
        ],
        "lines": {
            "松山新店線": "G19"
        }
    },
    {
        "name": "南京三民",
        "coordinate": [
            25.051652,
            121.5625193
        ],
        "lines": {
            "松山新店線": "G18"
        }
    },
    {
        "name": "台北小巨蛋",
        "coordinate": [
            25.0512968,
            121.5499054
        ],
        "lines": {
            "松山新店線": "G17"
        }
    },
    {
        "name": "松江南京",
        "coordinate": [
            25.0526894,
            121.5327444
        ],
        "lines": {
            "中和新蘆線": "O08",
            "松山新店線": "G15"
        }
    },
    {
        "name": "中山",
        "coordinate": [
            25.052433,
            121.520518
        ],
        "lines": {
            "松山新店線": "G14",
            "淡水信義線": "R11"
        }
    },
    {
        "name": "北門",
        "coordinate": [
            25.0495568,
            121.5079931
        ],
        "lines": {
            "松山新店線": "G13"
        }
    },
    {
        "name": "西門",
        "coordinate": [
            25.0417459,
            121.508652
        ],
        "lines": {
            "松山新店線": "G12",
            "板南線": "BL11"
        }
    },
    {
        "name": "小南門",
        "coordinate": [
            25.035277,
            121.510975
        ],
        "lines": {
            "松山新店線": "G11"
        }
    },
    {
        "name": "中正紀念堂",
        "coordinate": [
            25.032406,
            121.518244
        ],
        "lines": {
            "松山新店線": "G10",
            "淡水信義線": "R08"
        }
    },
    {
        "name": "古亭",
        "coordinate": [
            25.025473,
            121.523279
        ],
        "lines": {
            "中和新蘆線": "O05",
            "松山新店線": "G09"
        }
    },
    {
        "name": "台電大樓",
        "coordinate": [
            25.02072,
            121.527181
        ],
        "lines": {
            "松山新店線": "G08"
        }
    },
    {
        "name": "公館",
        "coordinate": [
            25.014347,
            121.534412
        ],
        "lines": {
            "松山新店線": "G07"
        }
    },
    {
        "name": "萬隆",
        "coordinate": [
            25.0025439,
            121.538552
        ],
        "lines": {
            "松山新店線": "G06"
        }
    },
    {
        "name": "景美",
        "coordinate": [
            24.9921332,
            121.5405874
        ],
        "lines": {
            "松山新店線": "G05"
        }
    },
    {
        "name": "大坪林",
        "coordinate": [
            24.9831,
            121.5418
        ],
        "lines": {
            "松山新店線": "G04"
        }
    },
    {
        "name": "七張",
        "coordinate": [
            24.9750109,
            121.54322
        ],
        "lines": {
            "松山新店線": "G03"
        }
    },
    {
        "name": "小碧潭",
        "coordinate": [
            24.9720931,
            121.5295777
        ],
        "lines": {
            "小碧潭支線": "G03A"
        }
    },
    {
        "name": "新店區公所",
        "coordinate": [
            24.967498,
            121.541192
        ],
        "lines": {
            "松山新店線": "G02"
        }
    },
    {
        "name": "新店",
        "coordinate": [
            24.9578719,
            121.537557
        ],
        "lines": {
            "松山新店線": "G01"
        }
    },
    {
        "name": "南港",
        "coordinate": [
            25.0518136,
            121.6060423
        ],
        "lines": {
            "板南線": "BL22"
        }
    },
    {
        "name": "昆陽",
        "coordinate": [
            25.050461,
            121.593268
        ],
        "lines": {
            "板南線": "BL21"
        }
    },
    {
        "name": "後山埤",
        "coordinate": [
            25.045248,
            121.582961
        ],
        "lines": {
            "板南線": "BL20"
        }
    },
    {
        "name": "永春",
        "coordinate": [
            25.041007,
            121.576419
        ],
        "lines": {
            "板南線": "BL19"
        }
    },
    {
        "name": "市政府",
        "coordinate": [
            25.0409916,
            121.5651802
        ],
        "lines": {
            "板南線": "BL18"
        }
    },
    {
        "name": "國父紀念館",
        "coordinate": [
            25.0410987,
            121.5579885
        ],
        "lines": {
            "板南線": "BL17"
        }
    },
    {
        "name": "忠孝敦化",
        "coordinate": [
            25.0413218,
            121.5516538
        ],
        "lines": {
            "板南線": "BL16"
        }
    },
    {
        "name": "忠孝新生",
        "coordinate": [
            25.042023,
            121.533107
        ],
        "lines": {
            "中和新蘆線": "O07",
            "板南線": "BL14"
        }
    },
    {
        "name": "善導寺",
        "coordinate": [
            25.044746,
            121.523133
        ],
        "lines": {
            "板南線": "BL13"
        }
    },
    {
        "name": "台北車站",
        "coordinate": [
            25.046374,
            121.517896
        ],
        "lines": {
            "板南線": "BL12",
            "淡水信義線": "R10"
        }
    },
    {
        "name": "龍山寺",
        "coordinate": [
            25.0354487,
            121.4995792
        ],
        "lines": {
            "板南線": "BL10"
        }
    },
    {
        "name": "江子翠",
        "coordinate": [
            25.0296499,
            121.472311
        ],
        "lines": {
            "板南線": "BL09"
        }
    },
    {
        "name": "新埔",
        "coordinate": [
            25.0242359,
            121.468174
        ],
        "lines": {
            "板南線": "BL08"
        }
    },
    {
        "name": "板橋",
        "coordinate": [
            25.014579,
            121.4625101
        ],
        "lines": {
            "板南線": "BL07"
        }
    },
    {
        "name": "府中",
        "coordinate": [
            25.0085549,
            121.459183
        ],
        "lines": {
            "板南線": "BL06"
        }
    },
    {
        "name": "亞東醫院",
        "coordinate": [
            24.9975632,
            121.4524089
        ],
        "lines": {
            "板南線": "BL05"
        }
    },
    {
        "name": "海山",
        "coordinate": [
            24.985339,
            121.448786
        ],
        "lines": {
            "板南線": "BL04"
        }
    },
    {
        "name": "土城",
        "coordinate": [
            24.973183,
            121.444156
        ],
        "lines": {
            "板南線": "BL03"
        }
    },
    {
        "name": "永寧",
        "coordinate": [
            24.9666709,
            121.4366324
        ],
        "lines": {
            "板南線": "BL02"
        }
    },
    {
        "name": "頂埔",
        "coordinate": [
            24.9588815,
            121.4178224
        ],
        "lines": {
            "板南線": "BL01"
        }
    },
    {
        "name": "動物園南站",
        "coordinate": [
            24.9888675,
            121.5853567
        ],
        "lines": {
            "貓空纜車": "MG02"
        }
    },
    {
        "name": "指南宮站",
        "coordinate": [
            24.979056,
            121.589528
        ],
        "lines": {
            "貓空纜車": "MG03"
        }
    },
    {
        "name": "貓空站",
        "coordinate": [
            24.968611,
            121.588222
        ],
        "lines": {
            "貓空纜車": "MG04"
        }
    },
    {
        "name": "象山",
        "coordinate": [
            25.0358048,
            121.5562247
        ],
        "lines": {
            "淡水信義線": "R02"
        }
    },
    {
        "name": "台北101/世貿",
        "coordinate": [
            25.0358048,
            121.5562247
        ],
        "lines": {
            "淡水信義線": "R03"
        }
    },
    {
        "name": "信義安和",
        "coordinate": [
            25.0358048,
            121.5562247
        ],
        "lines": {
            "淡水信義線": "R04"
        }
    },
    {
        "name": "大安森林公園",
        "coordinate": [
            25.0352994,
            121.5393161
        ],
        "lines": {
            "淡水信義線": "R06"
        }
    },
    {
        "name": "東門",
        "coordinate": [
            25.0352994,
            121.5393161
        ],
        "lines": {
            "中和新蘆線": "O06",
            "淡水信義線": "R07"
        }
    },
    {
        "name": "台大醫院",
        "coordinate": [
            25.041003,
            121.515715
        ],
        "lines": {
            "淡水信義線": "R09"
        }
    },
    {
        "name": "雙連",
        "coordinate": [
            25.057805,
            121.520627
        ],
        "lines": {
            "淡水信義線": "R12"
        }
    },
    {
        "name": "民權西路",
        "coordinate": [
            25.062879,
            121.519346
        ],
        "lines": {
            "中和新蘆線": "O11",
            "淡水信義線": "R13"
        }
    },
    {
        "name": "圓山",
        "coordinate": [
            25.0708435,
            121.5200551
        ],
        "lines": {
            "淡水信義線": "R14"
        }
    },
    {
        "name": "劍潭",
        "coordinate": [
            25.084873,
            121.525078
        ],
        "lines": {
            "淡水信義線": "R15"
        }
    },
    {
        "name": "士林",
        "coordinate": [
            25.093535,
            121.52623
        ],
        "lines": {
            "淡水信義線": "R16"
        }
    },
    {
        "name": "芝山",
        "coordinate": [
            25.1030599,
            121.522514
        ],
        "lines": {
            "淡水信義線": "R17"
        }
    },
    {
        "name": "明德",
        "coordinate": [
            25.109721,
            121.518848
        ],
        "lines": {
            "淡水信義線": "R18"
        }
    },
    {
        "name": "石牌",
        "coordinate": [
            25.115078,
            121.515136
        ],
        "lines": {
            "淡水信義線": "R19"
        }
    },
    {
        "name": "唭哩岸",
        "coordinate": [
            25.120872,
            121.506252
        ],
        "lines": {
            "淡水信義線": "R20"
        }
    },
    {
        "name": "奇岩",
        "coordinate": [
            25.126605,
            121.500889
        ],
        "lines": {
            "淡水信義線": "R21"
        }
    },
    {
        "name": "北投",
        "coordinate": [
            25.131977,
            121.498695
        ],
        "lines": {
            "淡水信義線": "R22"
        }
    },
    {
        "name": "新北投",
        "coordinate": [
            25.136947,
            121.502534
        ],
        "lines": {
            "新北投支線": "R22A"
        }
    },
    {
        "name": "復興崗",
        "coordinate": [
            25.137532,
            121.485424
        ],
        "lines": {
            "淡水信義線": "R23"
        }
    },
    {
        "name": "忠義",
        "coordinate": [
            25.131058,
            121.473226
        ],
        "lines": {
            "淡水信義線": "R24"
        }
    },
    {
        "name": "關渡",
        "coordinate": [
            25.12571,
            121.467188
        ],
        "lines": {
            "淡水信義線": "R25"
        }
    },
    {
        "name": "竹圍",
        "coordinate": [
            25.133598,
            121.4592857
        ],
        "lines": {
            "淡水信義線": "R26"
        }
    },
    {
        "name": "紅樹林",
        "coordinate": [
            25.154693,
            121.458791
        ],
        "lines": {
            "淡水信義線": "R27"
        }
    },
    {
        "name": "淡水",
        "coordinate": [
            25.167935,
            121.445459
        ],
        "lines": {
            "淡水信義線": "R28"
        }
    },
    {
        "name": "南勢角",
        "coordinate": [
            24.989714,
            121.509767
        ],
        "lines": {
            "中和新蘆線": "O01"
        }
    },
    {
        "name": "景安",
        "coordinate": [
            24.9937133,
            121.5048071
        ],
        "lines": {
            "中和新蘆線": "O02"
        }
    },
    {
        "name": "永安市場",
        "coordinate": [
            25.0023175,
            121.5110392
        ],
        "lines": {
            "中和新蘆線": "O03"
        }
    },
    {
        "name": "頂溪",
        "coordinate": [
            25.0128479,
            121.515416
        ],
        "lines": {
            "中和新蘆線": "O04"
        }
    },
    {
        "name": "行天宮",
        "coordinate": [
            25.0604614,
            121.53282
        ],
        "lines": {
            "中和新蘆線": "O09"
        }
    },
    {
        "name": "中山國小",
        "coordinate": [
            25.0627591,
            121.5271317
        ],
        "lines": {
            "中和新蘆線": "O10"
        }
    },
    {
        "name": "大橋頭",
        "coordinate": [
            25.0631761,
            121.5131091
        ],
        "lines": {
            "中和新蘆線": "O12"
        }
    },
    {
        "name": "台北橋",
        "coordinate": [
            25.063048,
            121.500932
        ],
        "lines": {
            "中和新蘆線": "O13"
        }
    },
    {
        "name": "菜寮",
        "coordinate": [
            25.0594539,
            121.491432
        ],
        "lines": {
            "中和新蘆線": "O14"
        }
    },
    {
        "name": "三重",
        "coordinate": [
            25.0552855,
            121.4841009
        ],
        "lines": {
            "中和新蘆線": "O15"
        }
    },
    {
        "name": "先嗇宮",
        "coordinate": [
            25.0465799,
            121.47129
        ],
        "lines": {
            "中和新蘆線": "O16"
        }
    },
    {
        "name": "頭前庄",
        "coordinate": [
            25.0397749,
            121.4607719
        ],
        "lines": {
            "中和新蘆線": "O17"
        }
    },
    {
        "name": "新莊",
        "coordinate": [
            25.0362597,
            121.4524832
        ],
        "lines": {
            "中和新蘆線": "O18"
        }
    },
    {
        "name": "輔大",
        "coordinate": [
            25.032913,
            121.4353916
        ],
        "lines": {
            "中和新蘆線": "O19"
        }
    },
    {
        "name": "丹鳳",
        "coordinate": [
            25.0271251,
            121.4095607
        ],
        "lines": {
            "中和新蘆線": "O20"
        }
    },
    {
        "name": "迴龍",
        "coordinate": [
            25.0271251,
            121.4095607
        ],
        "lines": {
            "中和新蘆線": "O21"
        }
    },
    {
        "name": "三重國小",
        "coordinate": [
            25.0707449,
            121.4965
        ],
        "lines": {
            "中和新蘆線": "O50"
        }
    },
    {
        "name": "三和國中",
        "coordinate": [
            25.077349,
            121.48749
        ],
        "lines": {
            "中和新蘆線": "O51"
        }
    },
    {
        "name": "徐匯中學",
        "coordinate": [
            25.08035,
            121.479925
        ],
        "lines": {
            "中和新蘆線": "O52"
        }
    },
    {
        "name": "三民高中",
        "coordinate": [
            25.0856209,
            121.4729395
        ],
        "lines": {
            "中和新蘆線": "O53"
        }
    },
    {
        "name": "蘆洲",
        "coordinate": [
            25.0915536,
            121.4644714
        ],
        "lines": {
            "中和新蘆線": "O54"
        }
    }
]